<?xml version="1.0" encoding="UTF-8"?>
<beans xmlns="http://www.springframework.org/schema/beans"
	xmlns:xsi="http://www.w3.org/2001/XMLSchema-instance"
	xmlns:context="http://www.springframework.org/schema/context"
	xmlns:mvc="http://www.springframework.org/schema/mvc"
	xsi:schemaLocation="http://www.springframework.org/schema/mvc http://www.springframework.org/schema/mvc/spring-mvc-4.3.xsd
		http://www.springframework.org/schema/beans http://www.springframework.org/schema/beans/spring-beans-4.3.xsd
		http://www.springframework.org/schema/context http://www.springframework.org/schema/context/spring-context-4.3.xsd">
		 	
 	<!-- HandlerMapping 등록 -->				 				
 	<bean class="org.springframework.web.servlet.handler.SimpleUrlHandlerMapping">
 		<property name="mappings">
 			<props> 			
 				<prop key="/login.do">login</prop>
 				<prop key="/getBoardList.do">getBoardList</prop>
 				<prop key="/getBoard.do">getBoard</prop>
 				<prop key="/insertBoard.do">insertBoard</prop>
 				<prop key="/updateBoard.do">updateBoard</prop>
 				<prop key="/deleteBoard.do">deleteBoard</prop>
 				<prop key="/logout.do">logoutBoard</prop>
 			</props>
 		</property>
 	</bean>
 	<bean id="login" class="kr.ac.inje.comsi.view.user.LoginController"></bean>
 	<bean id="getBoardList" class="kr.ac.inje.comsi.view.board.GetBoardListController"></bean>
 	<bean id="getBoard" class="kr.ac.inje.comsi.view.board.GetBoardController"></bean>
 	<bean id="insertBoard" class="kr.ac.inje.comsi.view.board.InsertBoardController"></bean>
 	<bean id="updateBoard" class="kr.ac.inje.comsi.view.board.UpdateBoardController"></bean> 	
 	<bean id="deleteBoard" class="kr.ac.inje.comsi.view.board.DeleteBoardController"></bean>
 	<bean id="logoutBoard" class="kr.ac.inje.comsi.view.user.LogoutController"></bean>
 	
 	<!-- ViewResolver 등록 --> 	
 	<bean id="viewResolver"
 		class="org.springframework.web.servlet.view.InternalResourceViewResolver">

 		<property name="prefix" value="/WEB-INF/board/"></property>
 		<property name="suffix" value=".jsp"></property>
 	</bean>
 	
</beans>

