<?xml version="1.0" encoding="UTF-8"?>
<beans xmlns="http://www.springframework.org/schema/beans"
	xmlns:xsi="http://www.w3.org/2001/XMLSchema-instance"
	xmlns:context="http://www.springframework.org/schema/context"
	xmlns:mvc="http://www.springframework.org/schema/mvc"
	xmlns:mybatis-spring="http://mybatis.org/schema/mybatis-spring"
	xmlns:jdbc="http://www.springframework.org/schema/jdbc"
	xsi:schemaLocation="http://www.springframework.org/schema/jdbc http://www.springframework.org/schema/jdbc/spring-jdbc-4.3.xsd
		http://www.springframework.org/schema/mvc http://www.springframework.org/schema/mvc/spring-mvc-4.3.xsd
		http://mybatis.org/schema/mybatis-spring http://mybatis.org/schema/mybatis-spring-1.2.xsd
		http://www.springframework.org/schema/beans http://www.springframework.org/schema/beans/spring-beans-4.3.xsd
		http://www.springframework.org/schema/context http://www.springframework.org/schema/context/spring-context-4.3.xsd">
	
	<context:component-scan base-package="kr.ac.inje.comsi.board"></context:component-scan> 	
<!-- 		
	<bean id="dataSource" class="org.springframework.jdbc.datasource.DriverManagerDataSource"> 		
		<property name="driverClassName" value="org.h2.Driver"></property>
		<property name="url" value="jdbc:h2:F:\workspaces\database\db"></property>
		<property name="username" value="sa"></property>
		<property name="password" value=""></property>
	</bean>

	<bean id="sqlSessionFactory" class="org.mybatis.spring.SqlSessionFactoryBean">

		<property name="configLocation" value="classpath:mybatis-config.xml"></property>
		<property name="dataSource" ref="dataSource"></property>		
	</bean>
 -->
</beans>

