<?xml version="1.0" encoding="UTF-8"?>
<beans xmlns="http://www.springframework.org/schema/beans"
	xmlns:xsi="http://www.w3.org/2001/XMLSchema-instance"
	xmlns:p="http://www.springframework.org/schema/p"
	xmlns:context="http://www.springframework.org/schema/context"
	xmlns:aop="http://www.springframework.org/schema/aop"
	xmlns:tx="http://www.springframework.org/schema/tx"
	xsi:schemaLocation="http://www.springframework.org/schema/beans http://www.springframework.org/schema/beans/spring-beans.xsd
		http://www.springframework.org/schema/context http://www.springframework.org/schema/context/spring-context-4.3.xsd
		http://www.springframework.org/schema/aop http://www.springframework.org/schema/aop/spring-aop-4.3.xsd
		http://www.springframework.org/schema/tx http://www.springframework.org/schema/tx/spring-tx-4.3.xsd">

	<context:component-scan base-package="kr.ac.inje.comsi"></context:component-scan>
	
	<bean id="dataSource"
		class="org.apache.commons.dbcp2.BasicDataSource"
		autowire-candidate="default" destroy-method="close">
		<property name="driverClassName" value="org.h2.Driver"></property>
		<property name="url" value="jdbc:h2:D:/workspace/h2db/db"></property>
		<property name="username" value="sa"></property>
		<property name="password" value=""></property>
	</bean>

</beans>
